category,authors,description,title,versions
1,"[{""author_name"":""Alair Weatherall""}]","In congue. Etiam justo. Etiam pretium iaculis justo.

In hac habitasse platea dictumst. Etiam faucibus cursus urna. Ut tellus.",Antechinus flavipes,"[{""version"":4},{""version"":1},{""version"":4},{""version"":4}]"
2,"[{""author_name"":""Pauletta Eslie""}]",Praesent id massa id nisl venenatis lacinia. Aenean sit amet justo. Morbi ut odio.,Lorythaixoides concolor,"[{""version"":3},{""version"":4}]"
3,"[{""author_name"":""Herbie Weatherburn""},{""author_name"":""Kathlin Bader""}]","Lorem ipsum dolor sit amet, consectetuer adipiscing elit. Proin risus. Praesent lectus.

Vestibulum quam sapien, varius ut, blandit non, interdum in, ante. Vestibulum ante ipsum primis in faucibus orci luctus et ultrices posuere cubilia Curae; Duis faucibus accumsan odio. Curabitur convallis.",Geochelone elegans,"[{""version"":4}]"
4,"[{""author_name"":""Burl Londsdale""},{""author_name"":""Cameron Aleveque""}]","In hac habitasse platea dictumst. Etiam faucibus cursus urna. Ut tellus.

Nulla ut erat id mauris vulputate elementum. Nullam varius. Nulla facilisi.

Cras non velit nec nisi vulputate nonummy. Maecenas tincidunt lacus at velit. Vivamus vel nulla eget eros elementum pellentesque.",Canis lupus lycaon,"[{""version"":4},{""version"":3},{""version"":2}]"
5,"[{""author_name"":""Marnia Tupman""}]","Praesent blandit. Nam nulla. Integer pede justo, lacinia eget, tincidunt eget, tempus vel, pede.

Morbi porttitor lorem id ligula. Suspendisse ornare consequat lectus. In est risus, auctor sed, tristique in, tempus sit amet, sem.

Fusce consequat. Nulla nisl. Nunc nisl.",Panthera leo,"[{""version"":1},{""version"":1}]"
6,"[{""author_name"":""Pearle Derisly""}]",In congue. Etiam justo. Etiam pretium iaculis justo.,Larus fuliginosus,"[{""version"":1}]"
7,"[{""author_name"":""Gigi Acreman""}]","Aenean lectus. Pellentesque eget nunc. Donec quis orci eget orci vehicula condimentum.

Curabitur in libero ut massa volutpat convallis. Morbi odio odio, elementum eu, interdum eu, tincidunt in, leo. Maecenas pulvinar lobortis est.

Phasellus sit amet erat. Nulla tempus. Vivamus in felis eu sapien cursus vestibulum.",unavailable,"[{""version"":1},{""version"":2}]"
8,"[{""author_name"":""Chance Averill""}]",Nullam porttitor lacus at turpis. Donec posuere metus vitae ipsum. Aliquam non mauris.,Isoodon obesulus,"[{""version"":1},{""version"":1}]"
9,"[{""author_name"":""Olympe Skirlin""},{""author_name"":""Holt Sertin""}]","In hac habitasse platea dictumst. Morbi vestibulum, velit id pretium iaculis, diam erat fermentum justo, nec condimentum neque sapien placerat ante. Nulla justo.

Aliquam quis turpis eget elit sodales scelerisque. Mauris sit amet eros. Suspendisse accumsan tortor quis turpis.

Sed ante. Vivamus tortor. Duis mattis egestas metus.",Rangifer tarandus,"[{""version"":1},{""version"":4},{""version"":4},{""version"":2}]"
10,"[{""author_name"":""Shane Jirus""},{""author_name"":""Philippa Simmens""}]","Morbi porttitor lorem id ligula. Suspendisse ornare consequat lectus. In est risus, auctor sed, tristique in, tempus sit amet, sem.",Melanerpes erythrocephalus,"[{""version"":2},{""version"":1},{""version"":4}]"
11,"[{""author_name"":""Kirsteni Bethune""},{""author_name"":""Freida Mawditt""}]",Nullam sit amet turpis elementum ligula vehicula consequat. Morbi a ipsum. Integer a nibh.,Crotalus adamanteus,"[{""version"":3},{""version"":4},{""version"":1}]"
12,"[{""author_name"":""Broderick Ivanyutin""},{""author_name"":""Bastian Aldwick""}]","Quisque porta volutpat erat. Quisque erat eros, viverra eget, congue eget, semper rutrum, nulla. Nunc purus.

Phasellus in felis. Donec semper sapien a libero. Nam dui.",Gyps bengalensis,"[{""version"":3},{""version"":3},{""version"":2}]"
13,"[{""author_name"":""Elaine Cutchee""}]","In congue. Etiam justo. Etiam pretium iaculis justo.

In hac habitasse platea dictumst. Etiam faucibus cursus urna. Ut tellus.

Nulla ut erat id mauris vulputate elementum. Nullam varius. Nulla facilisi.",Dusicyon thous,"[{""version"":1}]"
14,"[{""author_name"":""Percy Brosnan""},{""author_name"":""Shelton Thomassin""}]","Vestibulum quam sapien, varius ut, blandit non, interdum in, ante. Vestibulum ante ipsum primis in faucibus orci luctus et ultrices posuere cubilia Curae; Duis faucibus accumsan odio. Curabitur convallis.",Macropus agilis,"[{""version"":4}]"
15,"[{""author_name"":""Linet Iacomelli""}]",Cras non velit nec nisi vulputate nonummy. Maecenas tincidunt lacus at velit. Vivamus vel nulla eget eros elementum pellentesque.,Castor fiber,"[{""version"":3},{""version"":1},{""version"":1}]"
16,"[{""author_name"":""Menard Waddingham""}]",Aenean lectus. Pellentesque eget nunc. Donec quis orci eget orci vehicula condimentum.,Recurvirostra avosetta,"[{""version"":2}]"
17,"[{""author_name"":""Mae Whistan""}]","Maecenas tristique, est et tempus semper, est quam pharetra magna, ac consequat metus sapien ut nunc. Vestibulum ante ipsum primis in faucibus orci luctus et ultrices posuere cubilia Curae; Mauris viverra diam vitae quam. Suspendisse potenti.",Ardea golieth,"[{""version"":2},{""version"":1},{""version"":2},{""version"":4}]"
18,"[{""author_name"":""Gottfried Pablos""},{""author_name"":""Therine Croneen""}]","Sed ante. Vivamus tortor. Duis mattis egestas metus.

Aenean fermentum. Donec ut mauris eget massa tempor convallis. Nulla neque libero, convallis eget, eleifend luctus, ultricies eu, nibh.

Quisque id justo sit amet sapien dignissim vestibulum. Vestibulum ante ipsum primis in faucibus orci luctus et ultrices posuere cubilia Curae; Nulla dapibus dolor vel est. Donec odio justo, sollicitudin ut, suscipit a, feugiat et, eros.",Crotaphytus collaris,"[{""version"":4},{""version"":4}]"
19,"[{""author_name"":""Heather O'Keenan""}]","Nullam sit amet turpis elementum ligula vehicula consequat. Morbi a ipsum. Integer a nibh.

In quis justo. Maecenas rhoncus aliquam lacus. Morbi quis tortor id nulla ultrices aliquet.",Tachybaptus ruficollis,"[{""version"":3}]"
20,"[{""author_name"":""L;urette Ditch""},{""author_name"":""Magdalena Greveson""}]","Maecenas ut massa quis augue luctus tincidunt. Nulla mollis molestie lorem. Quisque ut erat.

Curabitur gravida nisi at nibh. In hac habitasse platea dictumst. Aliquam augue quam, sollicitudin vitae, consectetuer eget, rutrum at, lorem.

Integer tincidunt ante vel ipsum. Praesent blandit lacinia erat. Vestibulum sed magna at nunc commodo placerat.",Crocodylus niloticus,"[{""version"":3},{""version"":1},{""version"":4},{""version"":3}]"
21,"[{""author_name"":""Sibby Hanscombe""},{""author_name"":""Antonina Winley""}]","Maecenas tristique, est et tempus semper, est quam pharetra magna, ac consequat metus sapien ut nunc. Vestibulum ante ipsum primis in faucibus orci luctus et ultrices posuere cubilia Curae; Mauris viverra diam vitae quam. Suspendisse potenti.",Turtur chalcospilos,"[{""version"":2}]"
22,"[{""author_name"":""Jennette Skala""},{""author_name"":""Lanny Laneham""}]","Sed ante. Vivamus tortor. Duis mattis egestas metus.

Aenean fermentum. Donec ut mauris eget massa tempor convallis. Nulla neque libero, convallis eget, eleifend luctus, ultricies eu, nibh.

Quisque id justo sit amet sapien dignissim vestibulum. Vestibulum ante ipsum primis in faucibus orci luctus et ultrices posuere cubilia Curae; Nulla dapibus dolor vel est. Donec odio justo, sollicitudin ut, suscipit a, feugiat et, eros.",Neophron percnopterus,"[{""version"":2},{""version"":2},{""version"":4}]"
23,"[{""author_name"":""Matilda Cogzell""}]","Donec diam neque, vestibulum eget, vulputate ut, ultrices vel, augue. Vestibulum ante ipsum primis in faucibus orci luctus et ultrices posuere cubilia Curae; Donec pharetra, magna vestibulum aliquet ultrices, erat tortor sollicitudin mi, sit amet lobortis sapien sapien non mi. Integer ac neque.",Bucorvus leadbeateri,"[{""version"":2}]"
24,"[{""author_name"":""Lannie Mundow""}]","Suspendisse potenti. In eleifend quam a odio. In hac habitasse platea dictumst.

Maecenas ut massa quis augue luctus tincidunt. Nulla mollis molestie lorem. Quisque ut erat.",Macropus robustus,"[{""version"":2}]"
25,"[{""author_name"":""Olenolin Bascombe""}]",Integer ac leo. Pellentesque ultrices mattis odio. Donec vitae nisi.,Bubalornis niger,"[{""version"":3},{""version"":4}]"
26,"[{""author_name"":""Johna Cornthwaite""}]",Duis consequat dui nec nisi volutpat eleifend. Donec ut dolor. Morbi vel lectus in quam fringilla rhoncus.,Cebus albifrons,"[{""version"":2},{""version"":4},{""version"":4}]"
27,"[{""author_name"":""Lelah Brabham""}]",Pellentesque at nulla. Suspendisse potenti. Cras in purus eu magna vulputate luctus.,Canis dingo,"[{""version"":4},{""version"":2},{""version"":4}]"
28,"[{""author_name"":""Leyla Whithalgh""},{""author_name"":""Stearne Casin""}]","Aenean fermentum. Donec ut mauris eget massa tempor convallis. Nulla neque libero, convallis eget, eleifend luctus, ultricies eu, nibh.

Quisque id justo sit amet sapien dignissim vestibulum. Vestibulum ante ipsum primis in faucibus orci luctus et ultrices posuere cubilia Curae; Nulla dapibus dolor vel est. Donec odio justo, sollicitudin ut, suscipit a, feugiat et, eros.",Petaurus norfolcensis,"[{""version"":4},{""version"":2},{""version"":2},{""version"":1}]"
29,"[{""author_name"":""Ezra Sazio""},{""author_name"":""Jon Foulis""}]","Nulla ut erat id mauris vulputate elementum. Nullam varius. Nulla facilisi.

Cras non velit nec nisi vulputate nonummy. Maecenas tincidunt lacus at velit. Vivamus vel nulla eget eros elementum pellentesque.",Zalophus californicus,"[{""version"":3},{""version"":1},{""version"":2},{""version"":2}]"
30,"[{""author_name"":""Caterina Adey""}]","Maecenas leo odio, condimentum id, luctus nec, molestie sed, justo. Pellentesque viverra pede ac diam. Cras pellentesque volutpat dui.

Maecenas tristique, est et tempus semper, est quam pharetra magna, ac consequat metus sapien ut nunc. Vestibulum ante ipsum primis in faucibus orci luctus et ultrices posuere cubilia Curae; Mauris viverra diam vitae quam. Suspendisse potenti.",Spizaetus coronatus,"[{""version"":3}]"
31,"[{""author_name"":""Valida Bradley""},{""author_name"":""Cesar Schettini""}]","Cum sociis natoque penatibus et magnis dis parturient montes, nascetur ridiculus mus. Vivamus vestibulum sagittis sapien. Cum sociis natoque penatibus et magnis dis parturient montes, nascetur ridiculus mus.",Semnopithecus entellus,"[{""version"":4},{""version"":4},{""version"":4}]"
32,"[{""author_name"":""Neila Stichel""},{""author_name"":""Arne Glasard""}]","Sed ante. Vivamus tortor. Duis mattis egestas metus.

Aenean fermentum. Donec ut mauris eget massa tempor convallis. Nulla neque libero, convallis eget, eleifend luctus, ultricies eu, nibh.

Quisque id justo sit amet sapien dignissim vestibulum. Vestibulum ante ipsum primis in faucibus orci luctus et ultrices posuere cubilia Curae; Nulla dapibus dolor vel est. Donec odio justo, sollicitudin ut, suscipit a, feugiat et, eros.",Fregata magnificans,"[{""version"":1},{""version"":2},{""version"":3},{""version"":4}]"
33,"[{""author_name"":""Myrilla Dufer""},{""author_name"":""Corty Jado""}]","Integer ac leo. Pellentesque ultrices mattis odio. Donec vitae nisi.

Nam ultrices, libero non mattis pulvinar, nulla pede ullamcorper augue, a suscipit nulla elit ac nulla. Sed vel enim sit amet nunc viverra dapibus. Nulla suscipit ligula in lacus.

Curabitur at ipsum ac tellus semper interdum. Mauris ullamcorper purus sit amet nulla. Quisque arcu libero, rutrum ac, lobortis vel, dapibus at, diam.",unavailable,"[{""version"":4},{""version"":1}]"
34,"[{""author_name"":""Lauritz Strettle""},{""author_name"":""Lyndel Trendle""}]","Mauris enim leo, rhoncus sed, vestibulum sit amet, cursus id, turpis. Integer aliquet, massa id lobortis convallis, tortor risus dapibus augue, vel accumsan tellus nisi eu orci. Mauris lacinia sapien quis libero.",Theropithecus gelada,"[{""version"":3}]"
35,"[{""author_name"":""Skippie Marikhin""},{""author_name"":""Roscoe Edginton""}]","Maecenas leo odio, condimentum id, luctus nec, molestie sed, justo. Pellentesque viverra pede ac diam. Cras pellentesque volutpat dui.",Dacelo novaeguineae,"[{""version"":3},{""version"":3},{""version"":3}]"
36,"[{""author_name"":""Dominga Reubel""},{""author_name"":""Hamish Sheekey""}]","Donec diam neque, vestibulum eget, vulputate ut, ultrices vel, augue. Vestibulum ante ipsum primis in faucibus orci luctus et ultrices posuere cubilia Curae; Donec pharetra, magna vestibulum aliquet ultrices, erat tortor sollicitudin mi, sit amet lobortis sapien sapien non mi. Integer ac neque.",Crotaphytus collaris,"[{""version"":4}]"
37,"[{""author_name"":""Ricardo Cridlon""}]",Cras non velit nec nisi vulputate nonummy. Maecenas tincidunt lacus at velit. Vivamus vel nulla eget eros elementum pellentesque.,Ciconia episcopus,"[{""version"":1}]"
38,"[{""author_name"":""Nelle Ashplant""},{""author_name"":""Maury Lount""}]","Morbi non lectus. Aliquam sit amet diam in magna bibendum imperdiet. Nullam orci pede, venenatis non, sodales sed, tincidunt eu, felis.

Fusce posuere felis sed lacus. Morbi sem mauris, laoreet ut, rhoncus aliquet, pulvinar sed, nisl. Nunc rhoncus dui vel sem.

Sed sagittis. Nam congue, risus semper porta volutpat, quam pede lobortis ligula, sit amet eleifend pede libero quis orci. Nullam molestie nibh in lectus.",Zalophus californicus,"[{""version"":1},{""version"":2},{""version"":1}]"
39,"[{""author_name"":""Korry Lynett""},{""author_name"":""Nerita Nelle""}]","Proin leo odio, porttitor id, consequat in, consequat ut, nulla. Sed accumsan felis. Ut at dolor quis odio consequat varius.

Integer ac leo. Pellentesque ultrices mattis odio. Donec vitae nisi.

Nam ultrices, libero non mattis pulvinar, nulla pede ullamcorper augue, a suscipit nulla elit ac nulla. Sed vel enim sit amet nunc viverra dapibus. Nulla suscipit ligula in lacus.",Plegadis falcinellus,"[{""version"":3}]"
40,"[{""author_name"":""Sophia Spieck""}]","Proin eu mi. Nulla ac enim. In tempor, turpis nec euismod scelerisque, quam turpis adipiscing lorem, vitae mattis nibh ligula nec sem.

Duis aliquam convallis nunc. Proin at turpis a pede posuere nonummy. Integer non velit.",Falco mexicanus,"[{""version"":2},{""version"":1}]"
41,"[{""author_name"":""Merrill Chatfield""}]","Proin leo odio, porttitor id, consequat in, consequat ut, nulla. Sed accumsan felis. Ut at dolor quis odio consequat varius.

Integer ac leo. Pellentesque ultrices mattis odio. Donec vitae nisi.",Phascogale calura,"[{""version"":1},{""version"":3},{""version"":3},{""version"":4}]"
42,"[{""author_name"":""Helga O Sullivan""},{""author_name"":""Horatius Peyto""}]","Integer ac leo. Pellentesque ultrices mattis odio. Donec vitae nisi.

Nam ultrices, libero non mattis pulvinar, nulla pede ullamcorper augue, a suscipit nulla elit ac nulla. Sed vel enim sit amet nunc viverra dapibus. Nulla suscipit ligula in lacus.

Curabitur at ipsum ac tellus semper interdum. Mauris ullamcorper purus sit amet nulla. Quisque arcu libero, rutrum ac, lobortis vel, dapibus at, diam.",Tapirus terrestris,"[{""version"":2},{""version"":4}]"
43,"[{""author_name"":""Bell Aizic""}]","Aenean lectus. Pellentesque eget nunc. Donec quis orci eget orci vehicula condimentum.

Curabitur in libero ut massa volutpat convallis. Morbi odio odio, elementum eu, interdum eu, tincidunt in, leo. Maecenas pulvinar lobortis est.",Cacatua tenuirostris,"[{""version"":1},{""version"":2},{""version"":4}]"
44,"[{""author_name"":""Toinette Sahnow""},{""author_name"":""Clareta Cargill""}]","Vestibulum quam sapien, varius ut, blandit non, interdum in, ante. Vestibulum ante ipsum primis in faucibus orci luctus et ultrices posuere cubilia Curae; Duis faucibus accumsan odio. Curabitur convallis.",Dendrocygna viduata,"[{""version"":3},{""version"":3}]"
45,"[{""author_name"":""Velvet Polding""}]",Phasellus sit amet erat. Nulla tempus. Vivamus in felis eu sapien cursus vestibulum.,Herpestes javanicus,"[{""version"":2},{""version"":4},{""version"":1},{""version"":4}]"
46,"[{""author_name"":""Mab Blinckhorne""},{""author_name"":""Alan Annice""}]","Nam ultrices, libero non mattis pulvinar, nulla pede ullamcorper augue, a suscipit nulla elit ac nulla. Sed vel enim sit amet nunc viverra dapibus. Nulla suscipit ligula in lacus.

Curabitur at ipsum ac tellus semper interdum. Mauris ullamcorper purus sit amet nulla. Quisque arcu libero, rutrum ac, lobortis vel, dapibus at, diam.",Tauraco porphyrelophus,"[{""version"":2}]"
47,"[{""author_name"":""Gilligan Norman""}]","Integer ac leo. Pellentesque ultrices mattis odio. Donec vitae nisi.

Nam ultrices, libero non mattis pulvinar, nulla pede ullamcorper augue, a suscipit nulla elit ac nulla. Sed vel enim sit amet nunc viverra dapibus. Nulla suscipit ligula in lacus.",Uraeginthus granatina,"[{""version"":4},{""version"":2},{""version"":2}]"
48,"[{""author_name"":""Rosalia McDuffy""}]","Sed ante. Vivamus tortor. Duis mattis egestas metus.

Aenean fermentum. Donec ut mauris eget massa tempor convallis. Nulla neque libero, convallis eget, eleifend luctus, ultricies eu, nibh.",Paraxerus cepapi,"[{""version"":3},{""version"":3},{""version"":1}]"
49,"[{""author_name"":""Karoly Di Dello""},{""author_name"":""Anderson Pollak""}]","Cum sociis natoque penatibus et magnis dis parturient montes, nascetur ridiculus mus. Vivamus vestibulum sagittis sapien. Cum sociis natoque penatibus et magnis dis parturient montes, nascetur ridiculus mus.

Etiam vel augue. Vestibulum rutrum rutrum neque. Aenean auctor gravida sem.",Sula nebouxii,"[{""version"":1},{""version"":3}]"
50,"[{""author_name"":""Gustavo Oles""}]","Phasellus sit amet erat. Nulla tempus. Vivamus in felis eu sapien cursus vestibulum.

Proin eu mi. Nulla ac enim. In tempor, turpis nec euismod scelerisque, quam turpis adipiscing lorem, vitae mattis nibh ligula nec sem.

Duis aliquam convallis nunc. Proin at turpis a pede posuere nonummy. Integer non velit.",Upupa epops,"[{""version"":2}]"
